day,timestamp,product,bid_price_1,bid_volume_1,bid_price_2,bid_volume_2,bid_price_3,bid_volume_3,ask_price_1,ask_volume_1,ask_price_2,ask_volume_2,ask_price_3,ask_volume_3,mid_price,profit_and_loss
2,0,COCONUTS,7923,209,,,,,7924,57,7925,61,7926,148,7923.5,0
2,100,COCONUTS,7924,171,,,,,7927,171,,,,,7925.5,0
2,200,COCONUTS,7924,192,,,,,7926,57,7927,135,,,7925,0
2,300,COCONUTS,7925,181,,,,,7928,181,,,,,7926.5,0
2,400,COCONUTS,7924,172,,,,,7927,172,,,,,7925.5,0
2,500,COCONUTS,7924,206,,,,,7927,206,,,,,7925.5,0
2,600,COCONUTS,7924,59,7923,133,,,7926,192,,,,,7925,0
2,700,COCONUTS,7924,194,,,,,7926,66,7927,128,,,7925,0
2,800,COCONUTS,7924,176,,,,,7926,47,7927,129,,,7925,0
2,900,COCONUTS,7924,179,,,,,7927,179,,,,,7925.5,0
2,1000,COCONUTS,7925,194,,,,,7927,68,7928,126,,,7926,0
2,1100,COCONUTS,7925,209,,,,,7927,65,7928,144,,,7926,0
2,1200,COCONUTS,7925,74,7924,191,,,7927,191,,,,,7926,0
2,1300,COCONUTS,7924,154,7923,125,,,7926,202,,,,,7925,0
2,1400,COCONUTS,7922,195,,,,,7925,195,,,,,7923.5,0
2,1500,COCONUTS,7923,208,,,,,7926,208,,,,,7924.5,0
2,1600,COCONUTS,7922,175,,,,,7925,175,,,,,7923.5,0
2,1700,COCONUTS,7922,211,,,,,7925,211,,,,,7923.5,0
2,1800,COCONUTS,7922,197,,,,,7923,43,7924,77,7925,120,7922.5,0
2,1900,COCONUTS,7923,178,,,,,7925,178,,,,,7924,0
2,2000,COCONUTS,7922,181,,,,,7924,60,7925,121,,,7923,0
2,2100,COCONUTS,7922,40,7921,143,,,7924,183,,,,,7923,0
2,2200,COCONUTS,7921,176,,,,,7924,176,,,,,7922.5,0
2,2300,COCONUTS,7922,170,,,,,7924,68,7925,102,,,7923,0
2,2400,COCONUTS,7922,187,,,,,7925,187,,,,,7923.5,0
2,2500,COCONUTS,7922,144,,,,,7925,144,,,,,7923.5,0
2,2600,COCONUTS,7922,155,,,,,7925,155,,,,,7923.5,0
2,2700,COCONUTS,7921,222,,,,,7924,222,,,,,7922.5,0
2,2800,COCONUTS,7920,210,,,,,7923,210,,,,,7921.5,0
2,2900,COCONUTS,7920,172,,,,,7922,42,7923,130,,,7921,0
2,3000,COCONUTS,7920,164,,,,,7923,164,,,,,7921.5,0
2,3100,COCONUTS,7919,210,,,,,7922,210,,,,,7920.5,0
2,3200,COCONUTS,7919,155,,,,,7922,155,,,,,7920.5,0
2,3300,COCONUTS,7919,183,,,,,7922,183,,,,,7920.5,0
2,3400,COCONUTS,7919,162,,,,,7922,162,,,,,7920.5,0
2,3500,COCONUTS,7920,193,,,,,7923,193,,,,,7921.5,0
2,3600,COCONUTS,7920,44,7919,124,,,7922,168,,,,,7921,0
2,3700,COCONUTS,7919,175,,,,,7922,175,,,,,7920.5,0
2,3800,COCONUTS,7920,189,,,,,7923,189,,,,,7921.5,0
2,3900,COCONUTS,7921,197,,,,,7924,197,,,,,7922.5,0
2,4000,COCONUTS,7919,168,,,,,7922,168,,,,,7920.5,0
2,4100,COCONUTS,7919,182,,,,,7920,63,7922,182,,,7919.5,0
2,4200,COCONUTS,7919,188,,,,,7922,188,,,,,7920.5,0
2,4300,COCONUTS,7919,188,,,,,7922,188,,,,,7920.5,0
2,4400,COCONUTS,7920,190,,,,,7923,190,,,,,7921.5,0
2,4500,COCONUTS,7921,207,,,,,7924,207,,,,,7922.5,0
2,4600,COCONUTS,7922,213,,,,,7925,213,,,,,7923.5,0
2,4700,COCONUTS,7923,195,,,,,7926,195,,,,,7924.5,0
2,4800,COCONUTS,7922,158,,,,,7923,55,7925,158,,,7922.5,0
2,4900,COCONUTS,7923,216,,,,,7926,216,,,,,7924.5,0
2,5000,COCONUTS,7923,186,,,,,7926,186,,,,,7924.5,0
2,5100,COCONUTS,7922,177,,,,,7924,63,7925,114,,,7923,0
2,5200,COCONUTS,7922,208,,,,,7925,208,,,,,7923.5,0
2,5300,COCONUTS,7923,40,7922,110,,,7925,190,,,,,7924,0
2,5400,COCONUTS,7922,149,,,,,7925,149,,,,,7923.5,0
2,5500,COCONUTS,7922,186,,,,,7925,186,,,,,7923.5,0
2,5600,COCONUTS,7923,193,,,,,7926,193,,,,,7924.5,0
2,5700,COCONUTS,7921,208,,,,,7924,208,,,,,7922.5,0
2,5800,COCONUTS,7921,165,,,,,7924,165,,,,,7922.5,0
2,5900,COCONUTS,7921,202,,,,,7924,202,,,,,7922.5,0
2,6000,COCONUTS,7922,184,,,,,7925,184,,,,,7923.5,0
2,6100,COCONUTS,7921,181,,,,,7922,75,7924,181,,,7921.5,0
2,6200,COCONUTS,7921,171,,,,,7924,171,,,,,7922.5,0
2,6300,COCONUTS,7920,166,,,,,7922,55,7923,111,,,7921,0
2,6400,COCONUTS,7918,186,,,,,7920,44,7921,142,,,7919,0
2,6500,COCONUTS,7918,70,7917,127,,,7920,197,,,,,7919,0
2,6600,COCONUTS,7916,117,,,,,7917,17,7919,157,,,7916.5,0
2,6700,COCONUTS,7916,187,,,,,7918,55,7919,132,,,7917,0
2,6800,COCONUTS,7917,173,,,,,7919,173,,,,,7918,0
2,6900,COCONUTS,7915,165,,,,,7917,60,7918,105,,,7916,0
2,7000,COCONUTS,7914,168,,,,,7917,168,,,,,7915.5,0
2,7100,COCONUTS,7914,48,7913,108,,,7916,156,,,,,7915,0
2,7200,COCONUTS,7914,188,,,,,7917,188,,,,,7915.5,0
2,7300,COCONUTS,7914,202,,,,,7917,202,,,,,7915.5,0
2,7400,COCONUTS,7914,191,,,,,7915,70,7916,73,7917,118,7914.5,0
2,7500,COCONUTS,7915,184,,,,,7918,184,,,,,7916.5,0
2,7600,COCONUTS,7915,222,,,,,7917,75,7918,147,,,7916,0
2,7700,COCONUTS,7915,169,,,,,7918,169,,,,,7916.5,0
2,7800,COCONUTS,7914,181,,,,,7917,181,,,,,7915.5,0
2,7900,COCONUTS,7915,215,,,,,7918,215,,,,,7916.5,0
2,8000,COCONUTS,7916,63,7915,193,,,7918,193,,,,,7917,0
2,8100,COCONUTS,7914,196,,,,,7917,196,,,,,7915.5,0
2,8200,COCONUTS,7914,67,7913,136,,,7916,203,,,,,7915,0
2,8300,COCONUTS,7914,57,7913,106,,,7916,163,,,,,7915,0
2,8400,COCONUTS,7914,67,7913,143,,,7916,210,,,,,7915,0
2,8500,COCONUTS,7914,35,7913,216,,,7916,216,,,,,7915,0
2,8600,COCONUTS,7915,209,,,,,7917,77,7918,132,,,7916,0
2,8700,COCONUTS,7915,207,,,,,7917,66,7918,141,,,7916,0
2,8800,COCONUTS,7914,156,,,,,7917,156,,,,,7915.5,0
2,8900,COCONUTS,7913,179,,,,,7916,179,,,,,7914.5,0
2,9000,COCONUTS,7912,189,,,,,7915,189,,,,,7913.5,0
2,9100,COCONUTS,7913,203,,,,,7915,69,7916,134,,,7914,0
2,9200,COCONUTS,7913,224,,,,,7915,76,7916,148,,,7914,0
2,9300,COCONUTS,7911,179,,,,,7914,179,,,,,7912.5,0
2,9400,COCONUTS,7912,217,,,,,7915,217,,,,,7913.5,0
2,9500,COCONUTS,7912,64,7911,106,,,7914,170,,,,,7913,0
2,9600,COCONUTS,7913,192,,,,,7914,42,7916,192,,,7913.5,0
2,9700,COCONUTS,7914,51,7913,106,,,7916,157,,,,,7915,0
2,9800,COCONUTS,7914,42,7913,105,,,7916,147,,,,,7915,0
2,9900,COCONUTS,7914,158,,,,,7916,55,7917,103,,,7915,0
2,10000,COCONUTS,7914,180,,,,,7915,57,7917,180,,,7914.5,0
2,10100,COCONUTS,7915,178,,,,,7918,178,,,,,7916.5,0
2,10200,COCONUTS,7916,170,,,,,7918,67,7919,103,,,7917,0
2,10300,COCONUTS,7917,49,7916,189,,,7919,189,,,,,7918,0
2,10400,COCONUTS,7916,206,,,,,7919,206,,,,,7917.5,0
2,10500,COCONUTS,7918,177,,,,,7921,177,,,,,7919.5,0
2,10600,COCONUTS,7918,209,,,,,7921,209,,,,,7919.5,0
2,10700,COCONUTS,7918,230,,,,,7921,230,,,,,7919.5,0
2,10800,COCONUTS,7917,163,,,,,7920,163,,,,,7918.5,0
2,10900,COCONUTS,7917,155,,,,,7920,155,,,,,7918.5,0
2,11000,COCONUTS,7919,166,,,,,7922,166,,,,,7920.5,0
2,11100,COCONUTS,7919,155,,,,,7922,155,,,,,7920.5,0
2,11200,COCONUTS,7919,168,,,,,7922,168,,,,,7920.5,0
2,11300,COCONUTS,7919,163,,,,,7922,163,,,,,7920.5,0
2,11400,COCONUTS,7918,79,7917,149,,,7920,228,,,,,7919,0
2,11500,COCONUTS,7918,183,,,,,7920,71,7921,112,,,7919,0
2,11600,COCONUTS,7919,175,,,,,7921,40,7922,135,,,7920,0
2,11700,COCONUTS,7920,64,7919,128,,,7922,192,,,,,7921,0
2,11800,COCONUTS,7919,213,,,,,7922,213,,,,,7920.5,0
2,11900,COCONUTS,7920,170,,,,,7923,170,,,,,7921.5,0
2,12000,COCONUTS,7921,213,,,,,7924,213,,,,,7922.5,0
2,12100,COCONUTS,7923,187,,,,,7926,187,,,,,7924.5,0
2,12200,COCONUTS,7922,211,,,,,7925,211,,,,,7923.5,0
2,12300,COCONUTS,7923,199,,,,,7925,75,7926,124,,,7924,0
2,12400,COCONUTS,7924,193,,,,,7927,193,,,,,7925.5,0
2,12500,COCONUTS,7925,45,7924,131,,,7927,176,,,,,7926,0
2,12600,COCONUTS,7926,213,,,,,7929,213,,,,,7927.5,0
2,12700,COCONUTS,7927,57,7926,146,,,7929,203,,,,,7928,0
2,12800,COCONUTS,7926,209,,,,,7929,209,,,,,7927.5,0
2,12900,COCONUTS,7927,40,7926,162,,,7929,162,,,,,7928,0
2,13000,COCONUTS,7925,184,,,,,7928,184,,,,,7926.5,0
2,13100,COCONUTS,7926,174,,,,,7929,174,,,,,7927.5,0
2,13200,COCONUTS,7927,181,,,,,7930,181,,,,,7928.5,0
2,13300,COCONUTS,7927,170,,,,,7930,170,,,,,7928.5,0
2,13400,COCONUTS,7927,177,,,,,7930,177,,,,,7928.5,0
2,13500,COCONUTS,7928,184,,,,,7931,184,,,,,7929.5,0
2,13600,COCONUTS,7926,192,,,,,7929,192,,,,,7927.5,0
2,13700,COCONUTS,7926,25,7925,131,,,7928,183,,,,,7927,0
2,13800,COCONUTS,7926,45,7925,102,,,7928,147,,,,,7927,0
2,13900,COCONUTS,7925,209,,,,,7928,209,,,,,7926.5,0
2,14000,COCONUTS,7925,147,,,,,7928,147,,,,,7926.5,0
2,14100,COCONUTS,7925,175,,,,,7928,175,,,,,7926.5,0
2,14200,COCONUTS,7924,69,7923,118,,,7926,187,,,,,7925,0
2,14300,COCONUTS,7924,65,7923,191,,,7926,191,,,,,7925,0
2,14400,COCONUTS,7926,80,7925,180,,,7927,50,7928,130,,,7926.5,0
2,14500,COCONUTS,7925,195,,,,,7928,195,,,,,7926.5,0
2,14600,COCONUTS,7926,193,,,,,7929,193,,,,,7927.5,0
2,14700,COCONUTS,7928,47,7927,146,,,7930,193,,,,,7929,0
2,14800,COCONUTS,7926,177,,,,,7929,177,,,,,7927.5,0
2,14900,COCONUTS,7925,57,7924,141,,,7927,198,,,,,7926,0
2,15000,COCONUTS,7924,201,,,,,7927,201,,,,,7925.5,0
2,15100,COCONUTS,7925,181,,,,,7927,64,7928,117,,,7926,0
2,15200,COCONUTS,7925,183,,,,,7928,183,,,,,7926.5,0
2,15300,COCONUTS,7926,175,,,,,7927,55,7929,175,,,7926.5,0
2,15400,COCONUTS,7928,153,,,,,7930,43,7931,110,,,7929,0
2,15500,COCONUTS,7928,213,,,,,7931,213,,,,,7929.5,0
2,15600,COCONUTS,7928,205,,,,,7931,205,,,,,7929.5,0
2,15700,COCONUTS,7929,180,,,,,7931,44,7932,136,,,7930,0
2,15800,COCONUTS,7929,189,,,,,7932,189,,,,,7930.5,0
2,15900,COCONUTS,7929,58,7928,116,,,7931,174,,,,,7930,0
2,16000,COCONUTS,7928,139,,,,,7929,17,7931,179,,,7928.5,0
2,16100,COCONUTS,7929,179,,,,,7932,179,,,,,7930.5,0
2,16200,COCONUTS,7929,68,7928,122,,,7931,190,,,,,7930,0
2,16300,COCONUTS,7928,199,,,,,7931,199,,,,,7929.5,0
2,16400,COCONUTS,7930,182,,,,,7933,182,,,,,7931.5,0
2,16500,COCONUTS,7931,184,,,,,7934,184,,,,,7932.5,0
2,16600,COCONUTS,7931,170,,,,,7934,170,,,,,7932.5,0
2,16700,COCONUTS,7932,173,,,,,7934,46,7935,127,,,7933,0
2,16800,COCONUTS,7930,148,,,,,7931,17,7933,190,,,7930.5,0
2,16900,COCONUTS,7930,73,7929,111,,,7932,184,,,,,7931,0
2,17000,COCONUTS,7930,177,,,,,7933,177,,,,,7931.5,0
2,17100,COCONUTS,7930,212,,,,,7933,212,,,,,7931.5,0
2,17200,COCONUTS,7931,173,,,,,7933,173,,,,,7932,0
2,17300,COCONUTS,7931,208,,,,,7934,208,,,,,7932.5,0
2,17400,COCONUTS,7931,193,,,,,7932,40,7934,193,,,7931.5,0
2,17500,COCONUTS,7932,172,,,,,7935,172,,,,,7933.5,0
2,17600,COCONUTS,7932,180,,,,,7935,180,,,,,7933.5,0
2,17700,COCONUTS,7931,197,,,,,7933,66,7934,131,,,7932,0
2,17800,COCONUTS,7931,158,,,,,7934,158,,,,,7932.5,0
2,17900,COCONUTS,7932,221,,,,,7935,221,,,,,7933.5,0
2,18000,COCONUTS,7933,76,7932,106,,,7935,182,,,,,7934,0
2,18100,COCONUTS,7932,206,,,,,7935,206,,,,,7933.5,0
2,18200,COCONUTS,7931,191,,,,,7934,191,,,,,7932.5,0
2,18300,COCONUTS,7931,175,,,,,7934,175,,,,,7932.5,0
2,18400,COCONUTS,7931,198,,,,,7932,59,7933,64,7934,134,7931.5,0
2,18500,COCONUTS,7929,186,,,,,7932,186,,,,,7930.5,0
2,18600,COCONUTS,7930,184,,,,,7933,184,,,,,7931.5,0
2,18700,COCONUTS,7930,220,,,,,7932,74,7933,146,,,7931,0
2,18800,COCONUTS,7930,199,,,,,7933,199,,,,,7931.5,0
2,18900,COCONUTS,7930,195,,,,,7933,195,,,,,7931.5,0
2,19000,COCONUTS,7931,189,,,,,7932,65,7934,189,,,7931.5,0
2,19100,COCONUTS,7931,202,,,,,7933,69,7934,133,,,7932,0
2,19200,COCONUTS,7930,181,,,,,7933,181,,,,,7931.5,0
2,19300,COCONUTS,7932,68,7931,101,,,7934,169,,,,,7933,0
2,19400,COCONUTS,7930,196,,,,,7933,196,,,,,7931.5,0
2,19500,COCONUTS,7931,196,,,,,7934,196,,,,,7932.5,0
2,19600,COCONUTS,7930,195,,,,,7933,195,,,,,7931.5,0
2,19700,COCONUTS,7931,47,7930,197,,,7932,64,7933,133,,,7931.5,0
2,19800,COCONUTS,7929,187,,,,,7932,187,,,,,7930.5,0
2,19900,COCONUTS,7930,57,7929,137,,,7932,194,,,,,7931,0
2,20000,COCONUTS,7929,191,,,,,7932,191,,,,,7930.5,0
2,20100,COCONUTS,7929,144,,,,,7932,144,,,,,7930.5,0
2,20200,COCONUTS,7930,178,,,,,7933,178,,,,,7931.5,0
2,20300,COCONUTS,7930,204,,,,,7933,204,,,,,7931.5,0
2,20400,COCONUTS,7930,201,,,,,7933,201,,,,,7931.5,0
2,20500,COCONUTS,7930,187,,,,,7932,57,7933,130,,,7931,0
2,20600,COCONUTS,7930,174,,,,,7932,43,7933,131,,,7931,0
2,20700,COCONUTS,7930,180,,,,,7933,180,,,,,7931.5,0
2,20800,COCONUTS,7930,177,,,,,7933,177,,,,,7931.5,0
2,20900,COCONUTS,7930,182,,,,,7933,182,,,,,7931.5,0
2,21000,COCONUTS,7931,198,,,,,7934,198,,,,,7932.5,0
2,21100,COCONUTS,7930,197,,,,,7933,197,,,,,7931.5,0
2,21200,COCONUTS,7929,204,,,,,7932,204,,,,,7930.5,0
2,21300,COCONUTS,7931,71,7930,150,,,7933,221,,,,,7932,0
2,21400,COCONUTS,7930,193,,,,,7932,76,7933,117,,,7931,0
2,21500,COCONUTS,7929,169,,,,,7932,169,,,,,7930.5,0
2,21600,COCONUTS,7929,179,,,,,7932,179,,,,,7930.5,0
2,21700,COCONUTS,7932,13,7930,143,,,7933,143,,,,,7932.5,0
2,21800,COCONUTS,7932,202,,,,,7933,73,7934,202,,,7932.5,0
2,21900,COCONUTS,7933,41,7932,120,,,7935,161,,,,,7934,0
2,22000,COCONUTS,7933,45,7932,142,,,7935,187,,,,,7934,0
2,22100,COCONUTS,7932,62,7931,142,,,7934,204,,,,,7933,0
2,22200,COCONUTS,7931,185,,,,,7933,40,7934,145,,,7932,0
2,22300,COCONUTS,7931,183,,,,,7934,183,,,,,7932.5,0
2,22400,COCONUTS,7933,177,,,,,7936,177,,,,,7934.5,0
2,22500,COCONUTS,7932,194,,,,,7935,194,,,,,7933.5,0
2,22600,COCONUTS,7932,184,,,,,7933,47,7935,184,,,7932.5,0
2,22700,COCONUTS,7933,168,,,,,7936,168,,,,,7934.5,0
2,22800,COCONUTS,7932,51,7931,102,,,7934,153,,,,,7933,0
2,22900,COCONUTS,7932,202,,,,,7934,202,,,,,7933,0
2,23000,COCONUTS,7933,50,7932,121,,,7935,171,,,,,7934,0
2,23100,COCONUTS,7932,177,,,,,7935,177,,,,,7933.5,0
2,23200,COCONUTS,7932,78,7931,139,,,7934,217,,,,,7933,0
2,23300,COCONUTS,7932,201,,,,,7935,201,,,,,7933.5,0
2,23400,COCONUTS,7931,156,,,,,7934,156,,,,,7932.5,0
2,23500,COCONUTS,7932,169,,,,,7935,169,,,,,7933.5,0
2,23600,COCONUTS,7932,162,,,,,7935,162,,,,,7933.5,0
2,23700,COCONUTS,7932,188,,,,,7935,188,,,,,7933.5,0
2,23800,COCONUTS,7934,175,,,,,7937,175,,,,,7935.5,0
2,23900,COCONUTS,7934,56,7933,127,,,7936,183,,,,,7935,0
2,24000,COCONUTS,7933,210,,,,,7935,64,7936,146,,,7934,0
2,24100,COCONUTS,7933,180,,,,,7936,180,,,,,7934.5,0
2,24200,COCONUTS,7933,190,,,,,7936,190,,,,,7934.5,0
2,24300,COCONUTS,7934,183,,,,,7937,183,,,,,7935.5,0
2,24400,COCONUTS,7935,62,7934,144,,,7937,206,,,,,7936,0
2,24500,COCONUTS,7933,154,,,,,7936,154,,,,,7934.5,0
2,24600,COCONUTS,7933,190,,,,,7936,190,,,,,7934.5,0
2,24700,COCONUTS,7933,166,,,,,7935,44,7936,122,,,7934,0
2,24800,COCONUTS,7934,61,7933,211,,,7936,211,,,,,7935,0
2,24900,COCONUTS,7934,19,7933,127,,,7936,199,,,,,7935,0
2,25000,COCONUTS,7935,58,7934,143,,,7937,201,,,,,7936,0
2,25100,COCONUTS,7934,78,7933,141,,,7936,219,,,,,7935,0
2,25200,COCONUTS,7934,208,,,,,7937,208,,,,,7935.5,0
2,25300,COCONUTS,7934,40,7933,146,,,7936,186,,,,,7935,0
2,25400,COCONUTS,7933,212,,,,,7936,212,,,,,7934.5,0
2,25500,COCONUTS,7935,42,7934,131,,,7937,173,,,,,7936,0
2,25600,COCONUTS,7935,65,7934,149,,,7937,214,,,,,7936,0
2,25700,COCONUTS,7935,177,,,,,7937,73,7938,104,,,7936,0
2,25800,COCONUTS,7936,59,7935,110,,,7938,169,,,,,7937,0
2,25900,COCONUTS,7936,167,,,,,7938,60,7939,107,,,7937,0
2,26000,COCONUTS,7937,65,7936,146,,,7939,211,,,,,7938,0
2,26100,COCONUTS,7939,14,7937,190,,,7940,190,,,,,7939.5,0
2,26200,COCONUTS,7937,200,,,,,7940,200,,,,,7938.5,0
2,26300,COCONUTS,7937,196,,,,,7940,196,,,,,7938.5,0
2,26400,COCONUTS,7935,216,,,,,7938,216,,,,,7936.5,0
2,26500,COCONUTS,7935,203,,,,,7938,203,,,,,7936.5,0
2,26600,COCONUTS,7935,157,,,,,7938,157,,,,,7936.5,0
2,26700,COCONUTS,7934,213,,,,,7937,213,,,,,7935.5,0
2,26800,COCONUTS,7933,199,,,,,7936,199,,,,,7934.5,0
2,26900,COCONUTS,7934,73,7933,116,,,7936,189,,,,,7935,0
2,27000,COCONUTS,7934,209,,,,,7936,209,,,,,7935,0
2,27100,COCONUTS,7935,199,,,,,7937,73,7938,126,,,7936,0
2,27200,COCONUTS,7935,198,,,,,7938,198,,,,,7936.5,0
2,27300,COCONUTS,7934,181,,,,,7937,181,,,,,7935.5,0
2,27400,COCONUTS,7934,162,,,,,7937,162,,,,,7935.5,0
2,27500,COCONUTS,7933,202,,,,,7936,202,,,,,7934.5,0
2,27600,COCONUTS,7933,219,,,,,7936,219,,,,,7934.5,0
2,27700,COCONUTS,7934,60,7933,130,,,7936,190,,,,,7935,0
2,27800,COCONUTS,7932,209,,,,,7935,209,,,,,7933.5,0
2,27900,COCONUTS,7933,185,,,,,7936,185,,,,,7934.5,0
2,28000,COCONUTS,7932,213,,,,,7935,213,,,,,7933.5,0
2,28100,COCONUTS,7933,72,7932,129,,,7935,201,,,,,7934,0
2,28200,COCONUTS,7932,165,,,,,7935,188,,,,,7933.5,0
2,28300,COCONUTS,7932,199,,,,,7934,77,7935,122,,,7933,0
2,28400,COCONUTS,7931,176,,,,,7934,176,,,,,7932.5,0
2,28500,COCONUTS,7931,226,,,,,7934,226,,,,,7932.5,0
2,28600,COCONUTS,7930,174,,,,,7931,48,7933,174,,,7930.5,0
2,28700,COCONUTS,7931,191,,,,,7934,191,,,,,7932.5,0
2,28800,COCONUTS,7934,60,7933,183,,,7936,183,,,,,7935,0
2,28900,COCONUTS,7935,173,,,,,7937,53,7938,120,,,7936,0
2,29000,COCONUTS,7935,177,,,,,7938,177,,,,,7936.5,0
2,29100,COCONUTS,7936,180,,,,,7939,180,,,,,7937.5,0
2,29200,COCONUTS,7936,185,,,,,7939,185,,,,,7937.5,0
2,29300,COCONUTS,7936,170,,,,,7939,170,,,,,7937.5,0
2,29400,COCONUTS,7936,65,7935,110,,,7938,175,,,,,7937,0
2,29500,COCONUTS,7937,41,7936,136,,,7939,177,,,,,7938,0
2,29600,COCONUTS,7938,189,,,,,7940,68,7941,121,,,7939,0
2,29700,COCONUTS,7938,178,,,,,7940,58,7941,120,,,7939,0
2,29800,COCONUTS,7939,51,7938,116,,,7941,167,,,,,7940,0
2,29900,COCONUTS,7938,184,,,,,7940,78,7941,106,,,7939,0
2,30000,COCONUTS,7937,166,,,,,7940,166,,,,,7938.5,0
2,30100,COCONUTS,7937,63,7936,156,,,7939,156,,,,,7938,0
2,30200,COCONUTS,7937,196,,,,,7939,74,7940,122,,,7938,0
2,30300,COCONUTS,7938,188,,,,,7941,188,,,,,7939.5,0
2,30400,COCONUTS,7938,193,,,,,7941,193,,,,,7939.5,0
2,30500,COCONUTS,7937,224,,,,,7940,224,,,,,7938.5,0
2,30600,COCONUTS,7938,53,7937,130,,,7940,183,,,,,7939,0
2,30700,COCONUTS,7938,196,,,,,7941,196,,,,,7939.5,0
2,30800,COCONUTS,7939,50,7938,130,,,7941,180,,,,,7940,0
2,30900,COCONUTS,7940,168,,,,,7943,168,,,,,7941.5,0
2,31000,COCONUTS,7940,157,,,,,7942,51,7943,106,,,7941,0
2,31100,COCONUTS,7940,203,,,,,7943,203,,,,,7941.5,0
2,31200,COCONUTS,7940,210,,,,,7942,74,7943,136,,,7941,0
2,31300,COCONUTS,7938,166,,,,,7941,166,,,,,7939.5,0
2,31400,COCONUTS,7939,65,7938,185,,,7941,185,,,,,7940,0
2,31500,COCONUTS,7939,204,,,,,7942,204,,,,,7940.5,0
2,31600,COCONUTS,7938,161,,,,,7941,161,,,,,7939.5,0
2,31700,COCONUTS,7938,201,,,,,7941,201,,,,,7939.5,0
2,31800,COCONUTS,7939,178,,,,,7942,178,,,,,7940.5,0
2,31900,COCONUTS,7941,204,,,,,7942,56,7944,204,,,7941.5,0
2,32000,COCONUTS,7941,59,7940,101,,,7943,160,,,,,7942,0
2,32100,COCONUTS,7939,74,7938,126,,,7941,200,,,,,7940,0
2,32200,COCONUTS,7938,219,,,,,7941,219,,,,,7939.5,0
2,32300,COCONUTS,7938,159,,,,,7941,159,,,,,7939.5,0
2,32400,COCONUTS,7937,190,,,,,7940,190,,,,,7938.5,0
2,32500,COCONUTS,7936,175,,,,,7939,175,,,,,7937.5,0
2,32600,COCONUTS,7937,163,,,,,7939,58,7940,105,,,7938,0
2,32700,COCONUTS,7938,180,,,,,7940,52,7941,128,,,7939,0
2,32800,COCONUTS,7936,155,,,,,7939,155,,,,,7937.5,0
2,32900,COCONUTS,7936,190,,,,,7938,74,7939,116,,,7937,0
2,33000,COCONUTS,7936,202,,,,,7937,54,7938,55,7939,147,7936.5,0
2,33100,COCONUTS,7936,63,7935,132,,,7938,195,,,,,7937,0
2,33200,COCONUTS,7935,190,,,,,7938,190,,,,,7936.5,0
2,33300,COCONUTS,7936,187,,,,,7938,67,7939,120,,,7937,0
2,33400,COCONUTS,7936,159,,,,,7939,159,,,,,7937.5,0
2,33500,COCONUTS,7938,216,,,,,7940,75,7941,141,,,7939,0
2,33600,COCONUTS,7938,152,,,,,7940,50,7941,102,,,7939,0
2,33700,COCONUTS,7938,57,7937,146,,,7940,203,,,,,7939,0
2,33800,COCONUTS,7938,178,,,,,7941,178,,,,,7939.5,0
2,33900,COCONUTS,7939,193,,,,,7942,193,,,,,7940.5,0
2,34000,COCONUTS,7938,198,,,,,7941,198,,,,,7939.5,0
2,34100,COCONUTS,7938,207,,,,,7940,57,7941,150,,,7939,0
2,34200,COCONUTS,7938,187,,,,,7941,187,,,,,7939.5,0
2,34300,COCONUTS,7939,62,7938,126,,,7941,188,,,,,7940,0
2,34400,COCONUTS,7939,44,7938,104,,,7941,148,,,,,7940,0
2,34500,COCONUTS,7939,48,7938,138,,,7941,186,,,,,7940,0
2,34600,COCONUTS,7939,52,7938,150,,,7941,202,,,,,7940,0
2,34700,COCONUTS,7938,216,,,,,7939,65,7941,216,,,7938.5,0
2,34800,COCONUTS,7939,149,,,,,7941,46,7942,103,,,7940,0
2,34900,COCONUTS,7941,60,7940,138,,,7943,198,,,,,7942,0
2,35000,COCONUTS,7940,53,7939,130,,,7942,183,,,,,7941,0
2,35100,COCONUTS,7940,64,7939,129,,,7942,193,,,,,7941,0
2,35200,COCONUTS,7940,220,,,,,7941,57,7943,220,,,7940.5,0
2,35300,COCONUTS,7940,50,7939,107,,,7942,157,,,,,7941,0
2,35400,COCONUTS,7939,180,,,,,7942,180,,,,,7940.5,0
2,35500,COCONUTS,7939,198,,,,,7942,198,,,,,7940.5,0
2,35600,COCONUTS,7941,76,7940,122,,,7943,198,,,,,7942,0
2,35700,COCONUTS,7940,178,,,,,7943,178,,,,,7941.5,0
2,35800,COCONUTS,7941,180,,,,,7944,180,,,,,7942.5,0
2,35900,COCONUTS,7944,211,,,,,7946,74,7947,137,,,7945,0
2,36000,COCONUTS,7946,185,,,,,7949,185,,,,,7947.5,0
2,36100,COCONUTS,7946,76,7945,127,,,7948,203,,,,,7947,0
2,36200,COCONUTS,7945,60,7944,115,,,7947,175,,,,,7946,0
2,36300,COCONUTS,7943,79,7942,120,,,7945,199,,,,,7944,0
2,36400,COCONUTS,7942,185,,,,,7945,185,,,,,7943.5,0
2,36500,COCONUTS,7944,49,7943,120,,,7946,169,,,,,7945,0
2,36600,COCONUTS,7943,178,,,,,7946,178,,,,,7944.5,0
2,36700,COCONUTS,7942,204,,,,,7945,204,,,,,7943.5,0
2,36800,COCONUTS,7941,220,,,,,7944,220,,,,,7942.5,0
2,36900,COCONUTS,7942,151,,,,,7945,151,,,,,7943.5,0
2,37000,COCONUTS,7943,221,,,,,7946,221,,,,,7944.5,0
2,37100,COCONUTS,7942,181,,,,,7945,181,,,,,7943.5,0
2,37200,COCONUTS,7941,173,,,,,7943,51,7944,122,,,7942,0
2,37300,COCONUTS,7941,194,,,,,7944,194,,,,,7942.5,0
2,37400,COCONUTS,7941,163,,,,,7944,163,,,,,7942.5,0
2,37500,COCONUTS,7941,158,,,,,7944,158,,,,,7942.5,0
2,37600,COCONUTS,7941,70,7940,119,,,7943,189,,,,,7942,0
2,37700,COCONUTS,7941,217,,,,,7944,217,,,,,7942.5,0
2,37800,COCONUTS,7941,192,,,,,7944,192,,,,,7942.5,0
2,37900,COCONUTS,7941,204,,,,,7944,204,,,,,7942.5,0
2,38000,COCONUTS,7942,167,,,,,7945,167,,,,,7943.5,0
2,38100,COCONUTS,7943,70,7942,185,,,7944,50,7945,135,,,7943.5,0
2,38200,COCONUTS,7942,170,,,,,7945,170,,,,,7943.5,0
2,38300,COCONUTS,7942,207,,,,,7944,60,7945,147,,,7943,0
2,38400,COCONUTS,7941,194,,,,,7944,194,,,,,7942.5,0
2,38500,COCONUTS,7942,212,,,,,7944,75,7945,137,,,7943,0
2,38600,COCONUTS,7941,75,7940,200,,,7943,200,,,,,7942,0
2,38700,COCONUTS,7941,177,,,,,7943,177,,,,,7942,0
2,38800,COCONUTS,7940,190,,,,,7943,190,,,,,7941.5,0
2,38900,COCONUTS,7941,184,,,,,7944,184,,,,,7942.5,0
2,39000,COCONUTS,7940,168,,,,,7943,168,,,,,7941.5,0
2,39100,COCONUTS,7940,214,,,,,7943,214,,,,,7941.5,0
2,39200,COCONUTS,7940,155,,,,,7942,50,7943,105,,,7941,0
2,39300,COCONUTS,7941,190,,,,,7943,43,7944,147,,,7942,0
2,39400,COCONUTS,7940,224,,,,,7943,224,,,,,7941.5,0
2,39500,COCONUTS,7940,192,,,,,7943,192,,,,,7941.5,0
2,39600,COCONUTS,7941,215,,,,,7943,71,7944,144,,,7942,0
2,39700,COCONUTS,7941,169,,,,,7944,169,,,,,7942.5,0
2,39800,COCONUTS,7942,172,,,,,7944,49,7945,123,,,7943,0
2,39900,COCONUTS,7941,54,7940,108,,,7943,162,,,,,7942,0
2,40000,COCONUTS,7939,183,,,,,7942,183,,,,,7940.5,0
2,40100,COCONUTS,7939,188,,,,,7942,188,,,,,7940.5,0
2,40200,COCONUTS,7938,63,7937,131,,,7940,194,,,,,7939,0
2,40300,COCONUTS,7937,183,,,,,7940,183,,,,,7938.5,0
2,40400,COCONUTS,7937,181,,,,,7940,181,,,,,7938.5,0
2,40500,COCONUTS,7938,166,,,,,7940,56,7941,110,,,7939,0
2,40600,COCONUTS,7937,156,,,,,7940,156,,,,,7938.5,0
2,40700,COCONUTS,7938,61,7937,141,,,7940,202,,,,,7939,0
2,40800,COCONUTS,7938,80,7937,109,,,7940,189,,,,,7939,0
2,40900,COCONUTS,7937,56,7936,204,,,7939,204,,,,,7938,0
2,41000,COCONUTS,7938,28,7937,144,,,7939,41,7940,103,,,7938.5,0
2,41100,COCONUTS,7938,206,,,,,7941,206,,,,,7939.5,0
2,41200,COCONUTS,7938,198,,,,,7941,198,,,,,7939.5,0
2,41300,COCONUTS,7939,175,,,,,7942,175,,,,,7940.5,0
2,41400,COCONUTS,7938,194,,,,,7940,51,7941,143,,,7939,0
2,41500,COCONUTS,7937,180,,,,,7940,180,,,,,7938.5,0
2,41600,COCONUTS,7937,186,,,,,7940,186,,,,,7938.5,0
2,41700,COCONUTS,7937,178,,,,,7940,178,,,,,7938.5,0
2,41800,COCONUTS,7937,208,,,,,7940,208,,,,,7938.5,0
2,41900,COCONUTS,7937,116,7936,129,,,7939,193,,,,,7938,0
2,42000,COCONUTS,7938,152,,,,,7940,49,7941,103,,,7939,0
2,42100,COCONUTS,7938,45,7937,178,,,7939,56,7940,122,,,7938.5,0
2,42200,COCONUTS,7938,60,7937,148,,,7940,208,,,,,7939,0
2,42300,COCONUTS,7938,79,7937,116,,,7940,195,,,,,7939,0
2,42400,COCONUTS,7938,220,,,,,7941,220,,,,,7939.5,0
2,42500,COCONUTS,7940,158,,,,,7943,158,,,,,7941.5,0
2,42600,COCONUTS,7940,199,,,,,7943,199,,,,,7941.5,0
2,42700,COCONUTS,7940,214,,,,,7943,214,,,,,7941.5,0
2,42800,COCONUTS,7940,218,,,,,7941,74,7943,218,,,7940.5,0
2,42900,COCONUTS,7940,49,7939,130,,,7942,179,,,,,7941,0
2,43000,COCONUTS,7939,169,,,,,7942,169,,,,,7940.5,0
2,43100,COCONUTS,7938,157,,,,,7941,157,,,,,7939.5,0
2,43200,COCONUTS,7937,2,7936,146,,,7939,226,,,,,7938,0
2,43300,COCONUTS,7934,164,,,,,7937,164,,,,,7935.5,0
2,43400,COCONUTS,7934,177,,,,,7937,177,,,,,7935.5,0
2,43500,COCONUTS,7933,138,,,,,7934,31,7936,185,,,7933.5,0
2,43600,COCONUTS,7934,209,,,,,7935,77,7937,209,,,7934.5,0
2,43700,COCONUTS,7935,184,,,,,7938,184,,,,,7936.5,0
2,43800,COCONUTS,7937,180,,,,,7939,59,7940,121,,,7938,0
2,43900,COCONUTS,7937,156,,,,,7940,156,,,,,7938.5,0
2,44000,COCONUTS,7938,57,7937,127,,,7940,184,,,,,7939,0
2,44100,COCONUTS,7939,154,,,,,7942,154,,,,,7940.5,0
2,44200,COCONUTS,7939,167,,,,,7942,167,,,,,7940.5,0
2,44300,COCONUTS,7939,202,,,,,7942,202,,,,,7940.5,0
2,44400,COCONUTS,7938,204,,,,,7941,204,,,,,7939.5,0
2,44500,COCONUTS,7939,207,,,,,7942,207,,,,,7940.5,0
2,44600,COCONUTS,7939,201,,,,,7941,69,7942,132,,,7940,0
2,44700,COCONUTS,7940,61,7939,135,,,7942,196,,,,,7941,0
2,44800,COCONUTS,7940,50,7939,144,,,7942,194,,,,,7941,0
2,44900,COCONUTS,7939,211,,,,,7942,211,,,,,7940.5,0
2,45000,COCONUTS,7940,161,,,,,7942,43,7943,118,,,7941,0
2,45100,COCONUTS,7941,209,,,,,7944,209,,,,,7942.5,0
2,45200,COCONUTS,7942,77,7941,125,,,7944,202,,,,,7943,0
2,45300,COCONUTS,7940,185,,,,,7943,185,,,,,7941.5,0
2,45400,COCONUTS,7943,193,,,,,7945,43,7946,150,,,7944,0
2,45500,COCONUTS,7944,61,7943,124,,,7946,185,,,,,7945,0
2,45600,COCONUTS,7943,204,,,,,7946,204,,,,,7944.5,0
2,45700,COCONUTS,7944,190,,,,,7947,190,,,,,7945.5,0
2,45800,COCONUTS,7944,206,,,,,7947,206,,,,,7945.5,0
2,45900,COCONUTS,7943,193,,,,,7946,193,,,,,7944.5,0
2,46000,COCONUTS,7944,70,7943,176,,,7946,176,,,,,7945,0
2,46100,COCONUTS,7943,171,,,,,7946,171,,,,,7944.5,0
2,46200,COCONUTS,7943,168,,,,,7945,56,7946,112,,,7944,0
2,46300,COCONUTS,7944,225,,,,,7946,75,7947,150,,,7945,0
2,46400,COCONUTS,7944,163,,,,,7946,50,7947,113,,,7945,0
2,46500,COCONUTS,7944,169,,,,,7947,169,,,,,7945.5,0
2,46600,COCONUTS,7945,168,,,,,7948,168,,,,,7946.5,0
2,46700,COCONUTS,7946,196,,,,,7947,57,7948,55,7949,141,7946.5,0
2,46800,COCONUTS,7946,159,,,,,7949,159,,,,,7947.5,0
2,46900,COCONUTS,7947,44,7946,103,,,7949,147,,,,,7948,0
2,47000,COCONUTS,7946,185,,,,,7949,185,,,,,7947.5,0
2,47100,COCONUTS,7946,49,7945,144,,,7948,193,,,,,7947,0
2,47200,COCONUTS,7946,167,,,,,7949,167,,,,,7947.5,0
2,47300,COCONUTS,7946,156,,,,,7949,156,,,,,7947.5,0
2,47400,COCONUTS,7947,172,,,,,7950,172,,,,,7948.5,0
2,47500,COCONUTS,7947,23,7945,211,,,7948,211,,,,,7947.5,0
2,47600,COCONUTS,7945,186,,,,,7947,43,7948,143,,,7946,0
2,47700,COCONUTS,7945,189,,,,,7948,189,,,,,7946.5,0
2,47800,COCONUTS,7945,169,,,,,7948,169,,,,,7946.5,0
2,47900,COCONUTS,7946,55,7945,122,,,7948,177,,,,,7947,0
2,48000,COCONUTS,7943,174,,,,,7946,174,,,,,7944.5,0
2,48100,COCONUTS,7944,71,7943,137,,,7946,208,,,,,7945,0
2,48200,COCONUTS,7944,199,,,,,7947,199,,,,,7945.5,0
2,48300,COCONUTS,7945,191,,,,,7948,191,,,,,7946.5,0
2,48400,COCONUTS,7946,6,7945,108,,,7948,185,,,,,7947,0
2,48500,COCONUTS,7946,44,7945,120,,,7948,164,,,,,7947,0
2,48600,COCONUTS,7945,165,,,,,7948,165,,,,,7946.5,0
2,48700,COCONUTS,7944,204,,,,,7947,204,,,,,7945.5,0
2,48800,COCONUTS,7945,193,,,,,7948,193,,,,,7946.5,0
2,48900,COCONUTS,7947,74,7946,137,,,7949,211,,,,,7948,0
2,49000,COCONUTS,7946,170,,,,,7949,170,,,,,7947.5,0
2,49100,COCONUTS,7947,183,,,,,7950,183,,,,,7948.5,0
2,49200,COCONUTS,7946,162,,,,,7949,162,,,,,7947.5,0
2,49300,COCONUTS,7946,222,,,,,7949,222,,,,,7947.5,0
2,49400,COCONUTS,7945,183,,,,,7948,183,,,,,7946.5,0
2,49500,COCONUTS,7946,170,,,,,7949,170,,,,,7947.5,0
2,49600,COCONUTS,7947,213,,,,,7950,213,,,,,7948.5,0
2,49700,COCONUTS,7946,196,,,,,7949,196,,,,,7947.5,0
2,49800,COCONUTS,7947,78,7946,150,,,7949,228,,,,,7948,0
2,49900,COCONUTS,7948,206,,,,,7950,79,7951,127,,,7949,0
2,50000,COCONUTS,7948,175,,,,,7951,175,,,,,7949.5,0
2,50100,COCONUTS,7949,162,,,,,7952,162,,,,,7950.5,0
2,50200,COCONUTS,7948,200,,,,,7951,200,,,,,7949.5,0
2,50300,COCONUTS,7948,181,,,,,7951,181,,,,,7949.5,0
2,50400,COCONUTS,7947,184,,,,,7949,45,7950,139,,,7948,0
2,50500,COCONUTS,7947,198,,,,,7950,198,,,,,7948.5,0
2,50600,COCONUTS,7947,206,,,,,7949,70,7950,136,,,7948,0
2,50700,COCONUTS,7945,148,,,,,7948,148,,,,,7946.5,0
2,50800,COCONUTS,7945,117,7944,107,,,7947,149,,,,,7946,0
2,50900,COCONUTS,7945,228,,,,,7948,228,,,,,7946.5,0
2,51000,COCONUTS,7945,168,,,,,7948,168,,,,,7946.5,0
2,51100,COCONUTS,7945,168,,,,,7947,168,,,,,7946,0
2,51200,COCONUTS,7945,190,,,,,7948,190,,,,,7946.5,0
2,51300,COCONUTS,7946,74,7945,120,,,7948,194,,,,,7947,0
2,51400,COCONUTS,7946,168,,,,,7948,168,,,,,7947,0
2,51500,COCONUTS,7945,198,,,,,7948,198,,,,,7946.5,0
2,51600,COCONUTS,7946,50,7945,117,,,7948,167,,,,,7947,0
2,51700,COCONUTS,7945,202,,,,,7948,202,,,,,7946.5,0
2,51800,COCONUTS,7944,187,,,,,7946,71,7947,116,,,7945,0
2,51900,COCONUTS,7944,183,,,,,7947,183,,,,,7945.5,0
2,52000,COCONUTS,7945,196,,,,,7948,196,,,,,7946.5,0
2,52100,COCONUTS,7946,173,,,,,7948,49,7949,124,,,7947,0
2,52200,COCONUTS,7946,209,,,,,7949,209,,,,,7947.5,0
2,52300,COCONUTS,7946,185,,,,,7948,53,7949,132,,,7947,0
2,52400,COCONUTS,7945,180,,,,,7948,180,,,,,7946.5,0
2,52500,COCONUTS,7945,206,,,,,7948,206,,,,,7946.5,0
2,52600,COCONUTS,7944,45,7943,173,,,7946,173,,,,,7945,0
2,52700,COCONUTS,7942,226,,,,,7945,226,,,,,7943.5,0
2,52800,COCONUTS,7942,198,,,,,7945,198,,,,,7943.5,0
2,52900,COCONUTS,7941,154,,,,,7944,154,,,,,7942.5,0
2,53000,COCONUTS,7941,195,,,,,7943,57,7944,138,,,7942,0
2,53100,COCONUTS,7941,40,7940,136,,,7943,176,,,,,7942,0
2,53200,COCONUTS,7941,175,,,,,7943,175,,,,,7942,0
2,53300,COCONUTS,7939,186,,,,,7941,48,7942,138,,,7940,0
2,53400,COCONUTS,7939,178,,,,,7942,178,,,,,7940.5,0
2,53500,COCONUTS,7939,171,,,,,7941,49,7942,122,,,7940,0
2,53600,COCONUTS,7939,210,,,,,7942,210,,,,,7940.5,0
2,53700,COCONUTS,7942,24,7941,190,,,7943,190,,,,,7942.5,0
2,53800,COCONUTS,7940,193,,,,,7941,80,7943,193,,,7940.5,0
2,53900,COCONUTS,7941,78,7940,171,,,7943,171,,,,,7942,0
2,54000,COCONUTS,7938,184,,,,,7941,184,,,,,7939.5,0
2,54100,COCONUTS,7938,161,,,,,7941,161,,,,,7939.5,0
2,54200,COCONUTS,7937,154,,,,,7940,154,,,,,7938.5,0
2,54300,COCONUTS,7938,42,7937,135,,,7940,177,,,,,7939,0
2,54400,COCONUTS,7939,64,7938,157,,,7940,42,7941,115,,,7939.5,0
2,54500,COCONUTS,7938,192,,,,,7941,192,,,,,7939.5,0
2,54600,COCONUTS,7939,169,,,,,7942,169,,,,,7940.5,0
2,54700,COCONUTS,7940,66,7939,103,,,7942,169,,,,,7941,0
2,54800,COCONUTS,7940,177,,,,,7943,177,,,,,7941.5,0
2,54900,COCONUTS,7940,204,,,,,7943,204,,,,,7941.5,0
2,55000,COCONUTS,7939,163,,,,,7942,163,,,,,7940.5,0
2,55100,COCONUTS,7938,148,,,,,7941,148,,,,,7939.5,0
2,55200,COCONUTS,7938,71,7937,142,,,7940,213,,,,,7939,0
2,55300,COCONUTS,7939,178,,,,,7940,70,7942,178,,,7939.5,0
2,55400,COCONUTS,7942,30,7940,163,,,7943,163,,,,,7942.5,0
2,55500,COCONUTS,7939,150,,,,,7942,150,,,,,7940.5,0
2,55600,COCONUTS,7940,212,,,,,7943,212,,,,,7941.5,0
2,55700,COCONUTS,7940,140,7939,148,,,7942,215,,,,,7941,0
2,55800,COCONUTS,7938,145,,,,,7941,145,,,,,7939.5,0
2,55900,COCONUTS,7938,211,,,,,7941,211,,,,,7939.5,0
2,56000,COCONUTS,7938,43,7937,106,,,7940,149,,,,,7939,0
2,56100,COCONUTS,7938,182,,,,,7940,45,7941,137,,,7939,0
2,56200,COCONUTS,7939,12,7937,168,,,7940,168,,,,,7939.5,0
2,56300,COCONUTS,7937,182,,,,,7939,182,,,,,7938,0
2,56400,COCONUTS,7937,153,,,,,7939,46,7940,107,,,7938,0
2,56500,COCONUTS,7935,196,,,,,7938,196,,,,,7936.5,0
2,56600,COCONUTS,7936,207,,,,,7939,207,,,,,7937.5,0
2,56700,COCONUTS,7935,179,,,,,7938,179,,,,,7936.5,0
2,56800,COCONUTS,7935,217,,,,,7937,70,7938,147,,,7936,0
2,56900,COCONUTS,7934,112,7933,117,,,7936,159,,,,,7935,0
2,57000,COCONUTS,7932,209,,,,,7935,209,,,,,7933.5,0
2,57100,COCONUTS,7932,186,,,,,7934,55,7935,131,,,7933,0
2,57200,COCONUTS,7932,41,7931,137,,,7934,178,,,,,7933,0
2,57300,COCONUTS,7931,225,,,,,7933,75,7934,150,,,7932,0
2,57400,COCONUTS,7930,198,,,,,7933,198,,,,,7931.5,0
2,57500,COCONUTS,7930,42,7929,141,,,7932,183,,,,,7931,0
2,57600,COCONUTS,7930,182,,,,,7932,77,7933,105,,,7931,0
2,57700,COCONUTS,7930,80,7929,126,,,7932,206,,,,,7931,0
2,57800,COCONUTS,7930,56,7929,138,,,7932,194,,,,,7931,0
2,57900,COCONUTS,7931,53,7930,115,,,7933,168,,,,,7932,0
2,58000,COCONUTS,7929,157,,,,,7931,42,7932,115,,,7930,0
2,58100,COCONUTS,7929,181,,,,,7931,71,7932,110,,,7930,0
2,58200,COCONUTS,7929,201,,,,,7932,201,,,,,7930.5,0
2,58300,COCONUTS,7930,70,7929,160,,,7931,47,7932,113,,,7930.5,0
2,58400,COCONUTS,7928,190,,,,,7931,190,,,,,7929.5,0
2,58500,COCONUTS,7929,187,,,,,7932,187,,,,,7930.5,0
2,58600,COCONUTS,7930,208,,,,,7931,77,7933,208,,,7930.5,0
2,58700,COCONUTS,7931,51,7930,143,,,7933,194,,,,,7932,0
2,58800,COCONUTS,7929,191,,,,,7931,47,7932,144,,,7930,0
2,58900,COCONUTS,7930,64,7929,122,,,7932,186,,,,,7931,0
2,59000,COCONUTS,7931,61,7930,109,,,7933,170,,,,,7932,0
2,59100,COCONUTS,7930,68,7929,182,,,7932,182,,,,,7931,0
2,59200,COCONUTS,7930,165,,,,,7932,58,7933,107,,,7931,0
2,59300,COCONUTS,7930,219,,,,,7933,219,,,,,7931.5,0
2,59400,COCONUTS,7929,183,,,,,7931,68,7932,115,,,7930,0
2,59500,COCONUTS,7928,46,7927,135,,,7930,181,,,,,7929,0
2,59600,COCONUTS,7927,206,,,,,7930,206,,,,,7928.5,0
2,59700,COCONUTS,7928,44,7927,107,,,7930,151,,,,,7929,0
2,59800,COCONUTS,7927,210,,,,,7930,210,,,,,7928.5,0
2,59900,COCONUTS,7927,190,,,,,7930,190,,,,,7928.5,0
2,60000,COCONUTS,7926,161,,,,,7929,161,,,,,7927.5,0
2,60100,COCONUTS,7927,207,,,,,7929,69,7930,138,,,7928,0
2,60200,COCONUTS,7928,46,7927,108,,,7930,154,,,,,7929,0
2,60300,COCONUTS,7928,196,,,,,7931,196,,,,,7929.5,0
2,60400,COCONUTS,7928,174,,,,,7931,174,,,,,7929.5,0
2,60500,COCONUTS,7927,193,,,,,7930,193,,,,,7928.5,0
2,60600,COCONUTS,7926,149,,,,,7929,149,,,,,7927.5,0
2,60700,COCONUTS,7926,177,,,,,7929,177,,,,,7927.5,0
2,60800,COCONUTS,7927,75,7926,121,,,7929,196,,,,,7928,0
2,60900,COCONUTS,7927,167,,,,,7928,80,7930,167,,,7927.5,0
2,61000,COCONUTS,7928,192,,,,,7931,192,,,,,7929.5,0
2,61100,COCONUTS,7929,194,,,,,7932,194,,,,,7930.5,0
2,61200,COCONUTS,7928,167,,,,,7931,167,,,,,7929.5,0
2,61300,COCONUTS,7929,29,7927,180,,,7930,180,,,,,7929.5,0
2,61400,COCONUTS,7926,182,,,,,7929,182,,,,,7927.5,0
2,61500,COCONUTS,7925,212,,,,,7927,63,7928,149,,,7926,0
2,61600,COCONUTS,7926,211,,,,,7929,211,,,,,7927.5,0
2,61700,COCONUTS,7926,153,,,,,7929,153,,,,,7927.5,0
2,61800,COCONUTS,7926,194,,,,,7929,194,,,,,7927.5,0
2,61900,COCONUTS,7926,226,,,,,7929,226,,,,,7927.5,0
2,62000,COCONUTS,7926,193,,,,,7927,57,7929,193,,,7926.5,0
2,62100,COCONUTS,7925,192,,,,,7928,192,,,,,7926.5,0
2,62200,COCONUTS,7924,222,,,,,7927,222,,,,,7925.5,0
2,62300,COCONUTS,7925,168,,,,,7928,168,,,,,7926.5,0
2,62400,COCONUTS,7925,223,,,,,7927,78,7928,145,,,7926,0
2,62500,COCONUTS,7924,154,,,,,7925,56,7927,154,,,7924.5,0
2,62600,COCONUTS,7923,172,,,,,7926,172,,,,,7924.5,0
2,62700,COCONUTS,7923,150,,,,,7926,150,,,,,7924.5,0
2,62800,COCONUTS,7923,59,7922,144,,,7925,203,,,,,7924,0
2,62900,COCONUTS,7922,191,,,,,7924,61,7925,130,,,7923,0
2,63000,COCONUTS,7921,169,,,,,7923,56,7924,113,,,7922,0
2,63100,COCONUTS,7922,199,,,,,7925,199,,,,,7923.5,0
2,63200,COCONUTS,7922,59,7921,213,,,7924,213,,,,,7923,0
2,63300,COCONUTS,7922,42,7921,124,,,7924,166,,,,,7923,0
2,63400,COCONUTS,7921,200,,,,,7924,200,,,,,7922.5,0
2,63500,COCONUTS,7921,160,,,,,7924,160,,,,,7922.5,0
2,63600,COCONUTS,7921,180,,,,,7922,59,7924,180,,,7921.5,0
2,63700,COCONUTS,7921,79,7920,134,,,7923,213,,,,,7922,0
2,63800,COCONUTS,7919,163,,,,,7922,163,,,,,7920.5,0
2,63900,COCONUTS,7921,22,7920,103,7919,126,7922,180,,,,,7921.5,0
2,64000,COCONUTS,7920,174,,,,,7923,174,,,,,7921.5,0
2,64100,COCONUTS,7921,203,,,,,7924,203,,,,,7922.5,0
2,64200,COCONUTS,7922,180,,,,,7925,180,,,,,7923.5,0
2,64300,COCONUTS,7922,196,,,,,7925,196,,,,,7923.5,0
2,64400,COCONUTS,7922,193,,,,,7923,77,7925,193,,,7922.5,0
2,64500,COCONUTS,7921,208,,,,,7924,208,,,,,7922.5,0
2,64600,COCONUTS,7921,41,7920,176,,,7923,176,,,,,7922,0
2,64700,COCONUTS,7921,220,,,,,7924,220,,,,,7922.5,0
2,64800,COCONUTS,7921,221,,,,,7924,221,,,,,7922.5,0
2,64900,COCONUTS,7921,222,,,,,7924,222,,,,,7922.5,0
2,65000,COCONUTS,7920,211,,,,,7922,68,7923,143,,,7921,0
2,65100,COCONUTS,7921,64,7920,131,,,7923,195,,,,,7922,0
2,65200,COCONUTS,7921,66,7920,102,,,7923,168,,,,,7922,0
2,65300,COCONUTS,7920,45,7919,101,,,7922,146,,,,,7921,0
2,65400,COCONUTS,7920,14,7919,118,,,7922,178,,,,,7921,0
2,65500,COCONUTS,7920,190,,,,,7923,190,,,,,7921.5,0
2,65600,COCONUTS,7921,199,,,,,7924,199,,,,,7922.5,0
2,65700,COCONUTS,7922,79,7921,178,,,7924,178,,,,,7923,0
2,65800,COCONUTS,7921,191,,,,,7924,191,,,,,7922.5,0
2,65900,COCONUTS,7920,157,,,,,7923,157,,,,,7921.5,0
2,66000,COCONUTS,7921,96,7920,105,,,7923,148,,,,,7922,0
2,66100,COCONUTS,7921,182,,,,,7924,182,,,,,7922.5,0
2,66200,COCONUTS,7922,173,,,,,7924,70,7925,103,,,7923,0
2,66300,COCONUTS,7921,194,,,,,7924,194,,,,,7922.5,0
2,66400,COCONUTS,7921,201,,,,,7924,201,,,,,7922.5,0
2,66500,COCONUTS,7921,158,,,,,7922,79,7924,158,,,7921.5,0
2,66600,COCONUTS,7921,208,,,,,7922,67,7924,208,,,7921.5,0
2,66700,COCONUTS,7920,182,,,,,7922,47,7923,135,,,7921,0
2,66800,COCONUTS,7920,183,,,,,7922,73,7923,110,,,7921,0
2,66900,COCONUTS,7921,72,7920,184,,,7922,184,,,,,7921.5,0
2,67000,COCONUTS,7919,176,,,,,7922,176,,,,,7920.5,0
2,67100,COCONUTS,7918,183,,,,,7920,73,7921,110,,,7919,0
2,67200,COCONUTS,7917,199,,,,,7919,59,7920,140,,,7918,0
2,67300,COCONUTS,7918,178,,,,,7921,178,,,,,7919.5,0
2,67400,COCONUTS,7918,187,,,,,7921,187,,,,,7919.5,0
2,67500,COCONUTS,7919,189,,,,,7921,60,7922,129,,,7920,0
2,67600,COCONUTS,7918,184,,,,,7919,59,7921,184,,,7918.5,0
2,67700,COCONUTS,7918,183,,,,,7921,183,,,,,7919.5,0
2,67800,COCONUTS,7919,227,,,,,7922,227,,,,,7920.5,0
2,67900,COCONUTS,7919,208,,,,,7921,69,7922,139,,,7920,0
2,68000,COCONUTS,7919,147,,,,,7922,147,,,,,7920.5,0
2,68100,COCONUTS,7918,205,,,,,7921,205,,,,,7919.5,0
2,68200,COCONUTS,7918,183,,,,,7920,183,,,,,7919,0
2,68300,COCONUTS,7918,193,,,,,7921,193,,,,,7919.5,0
2,68400,COCONUTS,7918,191,,,,,7921,191,,,,,7919.5,0
2,68500,COCONUTS,7918,51,7917,117,,,7920,168,,,,,7919,0
2,68600,COCONUTS,7918,127,7917,143,,,7920,192,,,,,7919,0
2,68700,COCONUTS,7917,211,,,,,7920,211,,,,,7918.5,0
2,68800,COCONUTS,7916,197,,,,,7919,197,,,,,7917.5,0
2,68900,COCONUTS,7917,178,,,,,7919,73,7920,105,,,7918,0
2,69000,COCONUTS,7918,63,7917,143,,,7920,206,,,,,7919,0
2,69100,COCONUTS,7919,154,,,,,7921,51,7922,103,,,7920,0
2,69200,COCONUTS,7920,170,,,,,7922,64,7923,106,,,7921,0
2,69300,COCONUTS,7920,190,,,,,7923,190,,,,,7921.5,0
2,69400,COCONUTS,7920,159,,,,,7923,159,,,,,7921.5,0
2,69500,COCONUTS,7921,171,,,,,7923,61,7924,110,,,7922,0
2,69600,COCONUTS,7921,182,,,,,7924,182,,,,,7922.5,0
2,69700,COCONUTS,7921,173,,,,,7923,65,7924,108,,,7922,0
2,69800,COCONUTS,7920,181,,,,,7923,181,,,,,7921.5,0
2,69900,COCONUTS,7922,44,7921,103,,,7924,147,,,,,7923,0
2,70000,COCONUTS,7922,188,,,,,7925,188,,,,,7923.5,0
2,70100,COCONUTS,7923,49,7922,190,,,7925,190,,,,,7924,0
2,70200,COCONUTS,7923,57,7922,126,,,7925,183,,,,,7924,0
2,70300,COCONUTS,7921,215,,,,,7924,215,,,,,7922.5,0
2,70400,COCONUTS,7923,190,,,,,7925,190,,,,,7924,0
2,70500,COCONUTS,7924,59,7923,102,,,7926,161,,,,,7925,0
2,70600,COCONUTS,7924,191,,,,,7927,191,,,,,7925.5,0
2,70700,COCONUTS,7922,198,,,,,7925,198,,,,,7923.5,0
2,70800,COCONUTS,7924,171,,,,,7927,171,,,,,7925.5,0
2,70900,COCONUTS,7923,199,,,,,7926,199,,,,,7924.5,0
2,71000,COCONUTS,7925,71,7924,195,,,7927,195,,,,,7926,0
2,71100,COCONUTS,7924,166,,,,,7927,166,,,,,7925.5,0
2,71200,COCONUTS,7922,194,,,,,7923,63,7925,194,,,7922.5,0
2,71300,COCONUTS,7921,204,,,,,7924,204,,,,,7922.5,0
2,71400,COCONUTS,7921,77,7920,101,,,7923,178,,,,,7922,0
2,71500,COCONUTS,7920,173,,,,,7923,173,,,,,7921.5,0
2,71600,COCONUTS,7921,56,7920,134,,,7923,190,,,,,7922,0
2,71700,COCONUTS,7920,147,,,,,7923,147,,,,,7921.5,0
2,71800,COCONUTS,7922,203,,,,,7924,57,7925,146,,,7923,0
2,71900,COCONUTS,7921,197,,,,,7924,197,,,,,7922.5,0
2,72000,COCONUTS,7920,188,,,,,7923,188,,,,,7921.5,0
2,72100,COCONUTS,7920,157,,,,,7923,157,,,,,7921.5,0
2,72200,COCONUTS,7920,215,,,,,7923,215,,,,,7921.5,0
2,72300,COCONUTS,7921,183,,,,,7922,64,7923,49,7924,134,7921.5,0
2,72400,COCONUTS,7920,199,,,,,7922,69,7923,130,,,7921,0
2,72500,COCONUTS,7920,144,,,,,7921,51,7922,40,7923,104,7920.5,0
2,72600,COCONUTS,7920,171,,,,,7923,171,,,,,7921.5,0
2,72700,COCONUTS,7921,70,7920,106,,,7923,176,,,,,7922,0
2,72800,COCONUTS,7921,195,,,,,7923,69,7924,126,,,7922,0
2,72900,COCONUTS,7921,181,,,,,7924,181,,,,,7922.5,0
2,73000,COCONUTS,7921,80,7920,132,,,7923,212,,,,,7922,0
2,73100,COCONUTS,7922,196,,,,,7924,58,7925,138,,,7923,0
2,73200,COCONUTS,7922,165,,,,,7924,46,7925,119,,,7923,0
2,73300,COCONUTS,7922,174,,,,,7925,174,,,,,7923.5,0
2,73400,COCONUTS,7922,155,,,,,7924,46,7925,109,,,7923,0
2,73500,COCONUTS,7920,73,7919,144,,,7922,217,,,,,7921,0
2,73600,COCONUTS,7920,181,,,,,7923,181,,,,,7921.5,0
2,73700,COCONUTS,7920,179,,,,,7923,179,,,,,7921.5,0
2,73800,COCONUTS,7921,194,,,,,7924,194,,,,,7922.5,0
2,73900,COCONUTS,7921,48,7920,132,,,7923,180,,,,,7922,0
2,74000,COCONUTS,7920,168,,,,,7923,168,,,,,7921.5,0
2,74100,COCONUTS,7921,55,7920,116,,,7923,171,,,,,7922,0
2,74200,COCONUTS,7920,46,7919,138,,,7922,184,,,,,7921,0
2,74300,COCONUTS,7918,192,,,,,7921,192,,,,,7919.5,0
2,74400,COCONUTS,7918,192,,,,,7920,54,7921,138,,,7919,0
2,74500,COCONUTS,7918,179,,,,,7921,179,,,,,7919.5,0
2,74600,COCONUTS,7919,160,,,,,7921,46,7922,114,,,7920,0
2,74700,COCONUTS,7919,46,7918,149,,,7921,195,,,,,7920,0
2,74800,COCONUTS,7920,226,,,,,7923,226,,,,,7921.5,0
2,74900,COCONUTS,7921,70,7920,118,,,7923,188,,,,,7922,0
2,75000,COCONUTS,7920,172,,,,,7923,172,,,,,7921.5,0
2,75100,COCONUTS,7920,182,,,,,7923,182,,,,,7921.5,0
2,75200,COCONUTS,7920,163,,,,,7923,163,,,,,7921.5,0
2,75300,COCONUTS,7920,177,,,,,7923,177,,,,,7921.5,0
2,75400,COCONUTS,7921,181,,,,,7923,42,7924,139,,,7922,0
2,75500,COCONUTS,7923,192,,,,,7926,192,,,,,7924.5,0
2,75600,COCONUTS,7923,188,,,,,7926,188,,,,,7924.5,0
2,75700,COCONUTS,7925,72,7924,100,,,7927,172,,,,,7926,0
2,75800,COCONUTS,7925,185,,,,,7928,185,,,,,7926.5,0
2,75900,COCONUTS,7924,159,,,,,7927,159,,,,,7925.5,0
2,76000,COCONUTS,7924,147,,,,,7926,147,,,,,7925,0
2,76100,COCONUTS,7924,190,,,,,7926,52,7927,138,,,7925,0
2,76200,COCONUTS,7923,207,,,,,7924,61,7926,207,,,7923.5,0
2,76300,COCONUTS,7922,216,,,,,7925,216,,,,,7923.5,0
2,76400,COCONUTS,7921,170,,,,,7924,170,,,,,7922.5,0
2,76500,COCONUTS,7921,59,7920,150,,,7923,209,,,,,7922,0
2,76600,COCONUTS,7921,169,,,,,7924,169,,,,,7922.5,0
2,76700,COCONUTS,7922,41,7921,194,,,7924,194,,,,,7923,0
2,76800,COCONUTS,7922,195,,,,,7924,195,,,,,7923,0
2,76900,COCONUTS,7922,220,,,,,7924,78,7925,142,,,7923,0
2,77000,COCONUTS,7920,179,,,,,7923,179,,,,,7921.5,0
2,77100,COCONUTS,7921,75,7920,127,,,7923,202,,,,,7922,0
2,77200,COCONUTS,7922,192,,,,,7925,192,,,,,7923.5,0
2,77300,COCONUTS,7922,180,,,,,7925,180,,,,,7923.5,0
2,77400,COCONUTS,7922,218,,,,,7924,69,7925,149,,,7923,0
2,77500,COCONUTS,7922,165,,,,,7925,165,,,,,7923.5,0
2,77600,COCONUTS,7922,189,,,,,7925,189,,,,,7923.5,0
2,77700,COCONUTS,7923,77,7922,139,,,7925,216,,,,,7924,0
2,77800,COCONUTS,7921,171,,,,,7924,171,,,,,7922.5,0
2,77900,COCONUTS,7920,207,,,,,7922,57,7923,150,,,7921,0
2,78000,COCONUTS,7920,175,,,,,7922,73,7923,102,,,7921,0
2,78100,COCONUTS,7921,41,7920,143,,,7923,184,,,,,7922,0
2,78200,COCONUTS,7921,58,7920,177,,,7922,48,7923,129,,,7921.5,0
2,78300,COCONUTS,7919,191,,,,,7922,191,,,,,7920.5,0
2,78400,COCONUTS,7919,166,,,,,7921,42,7922,124,,,7920,0
2,78500,COCONUTS,7920,68,7919,107,,,7922,175,,,,,7921,0
2,78600,COCONUTS,7919,186,,,,,7922,186,,,,,7920.5,0
2,78700,COCONUTS,7919,146,,,,,7921,43,7922,103,,,7920,0
2,78800,COCONUTS,7919,166,,,,,7922,166,,,,,7920.5,0
2,78900,COCONUTS,7919,163,,,,,7921,56,7922,107,,,7920,0
2,79000,COCONUTS,7919,209,,,,,7922,209,,,,,7920.5,0
2,79100,COCONUTS,7919,148,,,,,7921,46,7922,102,,,7920,0
2,79200,COCONUTS,7919,64,7918,143,,,7921,207,,,,,7920,0
2,79300,COCONUTS,7918,222,,,,,7921,222,,,,,7919.5,0
2,79400,COCONUTS,7919,181,,,,,7921,62,7922,119,,,7920,0
2,79500,COCONUTS,7919,175,,,,,7921,46,7922,129,,,7920,0
2,79600,COCONUTS,7919,211,,,,,7921,79,7922,132,,,7920,0
2,79700,COCONUTS,7919,68,7918,144,,,7921,212,,,,,7920,0
2,79800,COCONUTS,7919,98,7918,133,,,7921,175,,,,,7920,0
2,79900,COCONUTS,7918,204,,,,,7921,204,,,,,7919.5,0
2,80000,COCONUTS,7919,166,,,,,7921,51,7922,115,,,7920,0
2,80100,COCONUTS,7920,186,,,,,7922,53,7923,133,,,7921,0
2,80200,COCONUTS,7918,172,,,,,7921,172,,,,,7919.5,0
2,80300,COCONUTS,7918,142,,,,,7921,142,,,,,7919.5,0
2,80400,COCONUTS,7921,62,7920,103,,,7923,165,,,,,7922,0
2,80500,COCONUTS,7921,162,,,,,7923,61,7924,101,,,7922,0
2,80600,COCONUTS,7922,172,,,,,7924,72,7925,100,,,7923,0
2,80700,COCONUTS,7922,50,7921,130,,,7924,180,,,,,7923,0
2,80800,COCONUTS,7921,180,,,,,7924,180,,,,,7922.5,0
2,80900,COCONUTS,7921,79,7920,208,,,7922,68,7923,140,,,7921.5,0
2,81000,COCONUTS,7919,180,,,,,7922,180,,,,,7920.5,0
2,81100,COCONUTS,7920,206,,,,,7923,206,,,,,7921.5,0
2,81200,COCONUTS,7921,185,,,,,7924,185,,,,,7922.5,0
2,81300,COCONUTS,7921,77,7920,128,,,7923,205,,,,,7922,0
2,81400,COCONUTS,7919,216,,,,,7921,75,7922,141,,,7920,0
2,81500,COCONUTS,7918,183,,,,,7921,183,,,,,7919.5,0
2,81600,COCONUTS,7918,213,,,,,7920,72,7921,141,,,7919,0
2,81700,COCONUTS,7917,188,,,,,7920,188,,,,,7918.5,0
2,81800,COCONUTS,7918,63,7917,115,,,7920,178,,,,,7919,0
2,81900,COCONUTS,7917,179,,,,,7920,179,,,,,7918.5,0
2,82000,COCONUTS,7917,192,,,,,7919,56,7920,136,,,7918,0
2,82100,COCONUTS,7916,185,,,,,7919,185,,,,,7917.5,0
2,82200,COCONUTS,7916,78,7915,119,,,7918,197,,,,,7917,0
2,82300,COCONUTS,7917,42,7916,173,,,7919,173,,,,,7918,0
2,82400,COCONUTS,7915,201,,,,,7918,201,,,,,7916.5,0
2,82500,COCONUTS,7916,68,7915,174,,,7917,59,7918,115,,,7916.5,0
2,82600,COCONUTS,7915,193,,,,,7918,193,,,,,7916.5,0
2,82700,COCONUTS,7913,152,,,,,7915,46,7916,106,,,7914,0
2,82800,COCONUTS,7914,220,,,,,7917,220,,,,,7915.5,0
2,82900,COCONUTS,7913,171,,,,,7915,69,7916,102,,,7914,0
2,83000,COCONUTS,7915,179,,,,,7918,179,,,,,7916.5,0
2,83100,COCONUTS,7915,68,7914,111,,,7917,179,,,,,7916,0
2,83200,COCONUTS,7915,194,,,,,7918,194,,,,,7916.5,0
2,83300,COCONUTS,7914,171,,,,,7917,171,,,,,7915.5,0
2,83400,COCONUTS,7914,202,,,,,7917,202,,,,,7915.5,0
2,83500,COCONUTS,7915,63,7914,108,,,7917,171,,,,,7916,0
2,83600,COCONUTS,7914,196,,,,,7915,48,7917,196,,,7914.5,0
2,83700,COCONUTS,7914,202,,,,,7917,202,,,,,7915.5,0
2,83800,COCONUTS,7915,143,,,,,7916,80,7918,143,,,7915.5,0
2,83900,COCONUTS,7915,148,,,,,7917,46,7918,102,,,7916,0
2,84000,COCONUTS,7914,171,,,,,7917,171,,,,,7915.5,0
2,84100,COCONUTS,7913,6,7912,150,,,7915,198,,,,,7914,0
2,84200,COCONUTS,7913,192,,,,,7916,192,,,,,7914.5,0
2,84300,COCONUTS,7912,171,,,,,7915,171,,,,,7913.5,0
2,84400,COCONUTS,7914,43,7913,108,,,7916,151,,,,,7915,0
2,84500,COCONUTS,7914,41,7913,131,,,7916,172,,,,,7915,0
2,84600,COCONUTS,7914,76,7913,116,,,7916,192,,,,,7915,0
2,84700,COCONUTS,7915,41,7914,149,,,7917,190,,,,,7916,0
2,84800,COCONUTS,7915,71,7914,142,,,7917,213,,,,,7916,0
2,84900,COCONUTS,7916,167,,,,,7918,53,7919,114,,,7917,0
2,85000,COCONUTS,7914,224,,,,,7917,224,,,,,7915.5,0
2,85100,COCONUTS,7916,43,7915,156,,,7918,156,,,,,7917,0
2,85200,COCONUTS,7915,207,,,,,7918,207,,,,,7916.5,0
2,85300,COCONUTS,7916,56,7915,119,,,7918,175,,,,,7917,0
2,85400,COCONUTS,7916,49,7915,146,,,7918,195,,,,,7917,0
2,85500,COCONUTS,7916,178,,,,,7918,56,7919,122,,,7917,0
2,85600,COCONUTS,7916,198,,,,,7919,198,,,,,7917.5,0
2,85700,COCONUTS,7916,211,,,,,7919,211,,,,,7917.5,0
2,85800,COCONUTS,7915,143,,,,,7918,143,,,,,7916.5,0
2,85900,COCONUTS,7915,165,,,,,7918,165,,,,,7916.5,0
2,86000,COCONUTS,7916,48,7915,110,,,7918,158,,,,,7917,0
2,86100,COCONUTS,7915,191,,,,,7918,191,,,,,7916.5,0
2,86200,COCONUTS,7915,172,,,,,7918,172,,,,,7916.5,0
2,86300,COCONUTS,7915,50,7914,102,,,7917,152,,,,,7916,0
2,86400,COCONUTS,7914,180,,,,,7916,74,7917,106,,,7915,0
2,86500,COCONUTS,7913,219,,,,,7916,219,,,,,7914.5,0
2,86600,COCONUTS,7913,74,7912,209,,,7915,209,,,,,7914,0
2,86700,COCONUTS,7913,183,,,,,7916,183,,,,,7914.5,0
2,86800,COCONUTS,7913,58,7912,169,,,7915,169,,,,,7914,0
2,86900,COCONUTS,7913,15,7912,63,7911,102,7914,165,,,,,7913.5,0
2,87000,COCONUTS,7910,192,,,,,7913,192,,,,,7911.5,0
2,87100,COCONUTS,7910,165,,,,,7912,165,,,,,7911,0
2,87200,COCONUTS,7910,185,,,,,7913,185,,,,,7911.5,0
2,87300,COCONUTS,7910,185,,,,,7913,185,,,,,7911.5,0
2,87400,COCONUTS,7910,162,,,,,7913,162,,,,,7911.5,0
2,87500,COCONUTS,7911,176,,,,,7914,176,,,,,7912.5,0
2,87600,COCONUTS,7910,146,,,,,7913,146,,,,,7911.5,0
2,87700,COCONUTS,7910,166,,,,,7913,166,,,,,7911.5,0
2,87800,COCONUTS,7910,167,,,,,7913,167,,,,,7911.5,0
2,87900,COCONUTS,7911,186,,,,,7913,73,7914,113,,,7912,0
2,88000,COCONUTS,7911,162,,,,,7914,162,,,,,7912.5,0
2,88100,COCONUTS,7910,195,,,,,7913,195,,,,,7911.5,0
2,88200,COCONUTS,7909,170,,,,,7911,64,7912,106,,,7910,0
2,88300,COCONUTS,7908,195,,,,,7911,195,,,,,7909.5,0
2,88400,COCONUTS,7909,191,,,,,7911,70,7912,121,,,7910,0
2,88500,COCONUTS,7910,201,,,,,7913,201,,,,,7911.5,0
2,88600,COCONUTS,7911,151,,,,,7914,151,,,,,7912.5,0
2,88700,COCONUTS,7912,159,,,,,7913,43,7914,46,7915,113,7912.5,0
2,88800,COCONUTS,7912,177,,,,,7915,177,,,,,7913.5,0
2,88900,COCONUTS,7914,192,,,,,7916,50,7917,142,,,7915,0
2,89000,COCONUTS,7915,155,,,,,7918,155,,,,,7916.5,0
2,89100,COCONUTS,7916,179,,,,,7919,179,,,,,7917.5,0
2,89200,COCONUTS,7917,182,,,,,7919,182,,,,,7918,0
2,89300,COCONUTS,7917,173,,,,,7919,55,7920,118,,,7918,0
2,89400,COCONUTS,7917,172,,,,,7920,172,,,,,7918.5,0
2,89500,COCONUTS,7918,173,,,,,7921,173,,,,,7919.5,0
2,89600,COCONUTS,7917,181,,,,,7919,51,7920,130,,,7918,0
2,89700,COCONUTS,7917,177,,,,,7920,177,,,,,7918.5,0
2,89800,COCONUTS,7915,188,,,,,7918,188,,,,,7916.5,0
2,89900,COCONUTS,7915,208,,,,,7918,208,,,,,7916.5,0
2,90000,COCONUTS,7915,2,7914,145,,,7917,221,,,,,7916,0
2,90100,COCONUTS,7915,124,7914,142,,,7917,186,,,,,7916,0
2,90200,COCONUTS,7916,77,7915,189,,,7918,189,,,,,7917,0
2,90300,COCONUTS,7915,180,,,,,7917,54,7918,126,,,7916,0
2,90400,COCONUTS,7915,203,,,,,7918,203,,,,,7916.5,0
2,90500,COCONUTS,7916,204,,,,,7919,204,,,,,7917.5,0
2,90600,COCONUTS,7916,62,7915,109,,,7918,171,,,,,7917,0
2,90700,COCONUTS,7915,57,7914,107,,,7917,164,,,,,7916,0
2,90800,COCONUTS,7915,197,,,,,7918,197,,,,,7916.5,0
2,90900,COCONUTS,7917,183,,,,,7919,75,7920,108,,,7918,0
2,91000,COCONUTS,7916,199,,,,,7919,199,,,,,7917.5,0
2,91100,COCONUTS,7917,64,7916,130,,,7919,194,,,,,7918,0
2,91200,COCONUTS,7919,185,,,,,7921,60,7922,125,,,7920,0
2,91300,COCONUTS,7919,185,,,,,7922,185,,,,,7920.5,0
2,91400,COCONUTS,7919,174,,,,,7922,174,,,,,7920.5,0
2,91500,COCONUTS,7919,190,,,,,7922,190,,,,,7920.5,0
2,91600,COCONUTS,7919,66,7918,143,,,7921,209,,,,,7920,0
2,91700,COCONUTS,7919,179,,,,,7922,179,,,,,7920.5,0
2,91800,COCONUTS,7919,170,,,,,7921,60,7922,110,,,7920,0
2,91900,COCONUTS,7919,187,,,,,7922,187,,,,,7920.5,0
2,92000,COCONUTS,7918,193,,,,,7921,193,,,,,7919.5,0
2,92100,COCONUTS,7919,77,7918,187,,,7920,43,7921,144,,,7919.5,0
2,92200,COCONUTS,7919,43,7918,138,,,7921,181,,,,,7920,0
2,92300,COCONUTS,7918,182,,,,,7921,182,,,,,7919.5,0
2,92400,COCONUTS,7919,184,,,,,7922,184,,,,,7920.5,0
2,92500,COCONUTS,7919,185,,,,,7920,65,7922,185,,,7919.5,0
2,92600,COCONUTS,7920,184,,,,,7923,184,,,,,7921.5,0
2,92700,COCONUTS,7921,192,,,,,7923,192,,,,,7922,0
2,92800,COCONUTS,7922,168,,,,,7924,60,7925,108,,,7923,0
2,92900,COCONUTS,7921,184,,,,,7924,184,,,,,7922.5,0
2,93000,COCONUTS,7921,163,,,,,7924,163,,,,,7922.5,0
2,93100,COCONUTS,7920,204,,,,,7923,204,,,,,7921.5,0
2,93200,COCONUTS,7921,165,,,,,7923,165,,,,,7922,0
2,93300,COCONUTS,7920,155,,,,,7923,155,,,,,7921.5,0
2,93400,COCONUTS,7921,78,7920,120,,,7923,198,,,,,7922,0
2,93500,COCONUTS,7920,206,,,,,7923,206,,,,,7921.5,0
2,93600,COCONUTS,7922,55,7921,191,,,7923,78,7924,113,,,7922.5,0
2,93700,COCONUTS,7920,183,,,,,7923,183,,,,,7921.5,0
2,93800,COCONUTS,7921,65,7920,127,,,7923,192,,,,,7922,0
2,93900,COCONUTS,7920,145,,,,,7923,145,,,,,7921.5,0
2,94000,COCONUTS,7920,184,,,,,7923,184,,,,,7921.5,0
2,94100,COCONUTS,7920,52,7919,150,,,7922,202,,,,,7921,0
2,94200,COCONUTS,7919,150,,,,,7922,150,,,,,7920.5,0
2,94300,COCONUTS,7919,181,,,,,7922,181,,,,,7920.5,0
2,94400,COCONUTS,7921,44,7920,105,,,7923,149,,,,,7922,0
2,94500,COCONUTS,7920,43,7919,126,,,7922,169,,,,,7921,0
2,94600,COCONUTS,7919,191,,,,,7922,191,,,,,7920.5,0
2,94700,COCONUTS,7920,57,7919,177,,,7922,177,,,,,7921,0
2,94800,COCONUTS,7919,178,,,,,7922,178,,,,,7920.5,0
2,94900,COCONUTS,7920,58,7919,114,,,7922,172,,,,,7921,0
2,95000,COCONUTS,7920,164,,,,,7923,164,,,,,7921.5,0
2,95100,COCONUTS,7919,194,,,,,7921,46,7922,148,,,7920,0
2,95200,COCONUTS,7920,154,,,,,7922,50,7923,104,,,7921,0
2,95300,COCONUTS,7918,170,,,,,7921,170,,,,,7919.5,0
2,95400,COCONUTS,7918,194,,,,,7921,194,,,,,7919.5,0
2,95500,COCONUTS,7918,53,7917,128,,,7920,181,,,,,7919,0
2,95600,COCONUTS,7918,186,,,,,7920,186,,,,,7919,0
2,95700,COCONUTS,7917,203,,,,,7920,203,,,,,7918.5,0
2,95800,COCONUTS,7916,163,,,,,7919,163,,,,,7917.5,0
2,95900,COCONUTS,7917,79,7916,164,,,7919,164,,,,,7918,0
2,96000,COCONUTS,7918,73,7917,133,,,7920,206,,,,,7919,0
2,96100,COCONUTS,7919,205,,,,,7922,205,,,,,7920.5,0
2,96200,COCONUTS,7919,218,,,,,7922,218,,,,,7920.5,0
2,96300,COCONUTS,7918,172,,,,,7921,172,,,,,7919.5,0
2,96400,COCONUTS,7918,189,,,,,7921,189,,,,,7919.5,0
2,96500,COCONUTS,7917,68,7916,100,,,7919,168,,,,,7918,0
2,96600,COCONUTS,7916,186,,,,,7918,54,7919,132,,,7917,0
2,96700,COCONUTS,7915,180,,,,,7917,180,,,,,7916,0
2,96800,COCONUTS,7915,162,,,,,7918,162,,,,,7916.5,0
2,96900,COCONUTS,7915,175,,,,,7917,47,7918,128,,,7916,0
2,97000,COCONUTS,7914,164,,,,,7917,164,,,,,7915.5,0
2,97100,COCONUTS,7915,209,,,,,7918,209,,,,,7916.5,0
2,97200,COCONUTS,7916,191,,,,,7918,73,7919,118,,,7917,0
2,97300,COCONUTS,7917,54,7916,221,,,7919,221,,,,,7918,0
2,97400,COCONUTS,7917,175,,,,,7920,175,,,,,7918.5,0
2,97500,COCONUTS,7917,52,7916,132,,,7919,184,,,,,7918,0
2,97600,COCONUTS,7916,183,,,,,7919,183,,,,,7917.5,0
2,97700,COCONUTS,7916,141,,,,,7919,170,,,,,7917.5,0
2,97800,COCONUTS,7916,180,,,,,7919,180,,,,,7917.5,0
2,97900,COCONUTS,7917,159,,,,,7920,159,,,,,7918.5,0
2,98000,COCONUTS,7917,210,,,,,7919,79,7920,131,,,7918,0
2,98100,COCONUTS,7917,144,,,,,7918,1,7920,190,,,7917.5,0
2,98200,COCONUTS,7917,184,,,,,7920,184,,,,,7918.5,0
2,98300,COCONUTS,7917,180,,,,,7920,180,,,,,7918.5,0
2,98400,COCONUTS,7918,187,,,,,7920,69,7921,118,,,7919,0
2,98500,COCONUTS,7917,144,,,,,7920,144,,,,,7918.5,0
2,98600,COCONUTS,7917,161,,,,,7920,161,,,,,7918.5,0
2,98700,COCONUTS,7918,45,7917,100,,,7920,145,,,,,7919,0
2,98800,COCONUTS,7918,209,,,,,7921,209,,,,,7919.5,0
2,98900,COCONUTS,7918,66,7917,185,,,7920,185,,,,,7919,0
2,99000,COCONUTS,7917,170,,,,,7920,170,,,,,7918.5,0
2,99100,COCONUTS,7918,179,,,,,7921,179,,,,,7919.5,0
2,99200,COCONUTS,7917,196,,,,,7919,52,7920,144,,,7918,0
2,99300,COCONUTS,7917,78,7916,140,,,7919,218,,,,,7918,0
2,99400,COCONUTS,7917,8,7916,147,,,7919,196,,,,,7918,0
2,99500,COCONUTS,7918,132,7917,150,,,7920,209,,,,,7919,0
2,99600,COCONUTS,7918,151,,,,,7921,151,,,,,7919.5,0
2,99700,COCONUTS,7917,184,,,,,7919,75,7920,109,,,7918,0
2,99800,COCONUTS,7917,190,,,,,7920,190,,,,,7918.5,0
2,99900,COCONUTS,7917,172,,,,,7920,172,,,,,7918.5,0
